Sarah Johnson,sarah.johnson@email.com
Michael Chen,michael.chen@email.com
Emma Rodriguez,emma.rodriguez@email.com
James Wilson,james.wilson@email.com
Olivia Martinez,olivia.martinez@email.com
David Kim,david.kim@email.com
Sophia Anderson,sophia.anderson@email.com
Daniel Brown,daniel.brown@email.com
Ava Thompson,ava.thompson@email.com
Matthew Davis,matthew.davis@email.com
Isabella Garcia,isabella.garcia@email.com
Christopher Lee,christopher.lee@email.com
Mia White,mia.white@email.com
Joshua Taylor,joshua.taylor@email.com
Charlotte Moore,charlotte.moore@email.com
Andrew Jackson,andrew.jackson@email.com
Amelia Harris,amelia.harris@email.com
Ryan Martinez,ryan.martinez@email.com
Harper Clark,harper.clark@email.com
Ethan Lewis,ethan.lewis@email.com